{"cameraMode":{"drawMode":0,"name":"Shaded","section":"Shading Mode"},"sceneLighting":true,"audioPlay":false,"sceneViewState":{"showFog":true,"showMaterialUpdate":false,"showSkybox":true,"showFlares":true,"showImageEffects":true,"showParticleSystems":true},"in2DMode":false,"pivot":{"x":3.7530007362365724,"y":3.6594107151031496,"z":-6.009478569030762},"rotation":{"x":-0.23188675940036775,"y":0.16024424135684968,"z":-0.03875495493412018,"w":-0.9587320685386658},"size":3.5660250186920168,"orthographic":false}