{"cameraMode":{"drawMode":0,"name":"Shaded","section":"Shading Mode"},"sceneLighting":false,"audioPlay":false,"sceneViewState":{"showFog":false,"showMaterialUpdate":false,"showSkybox":false,"showFlares":false,"showImageEffects":false,"showParticleSystems":false},"in2DMode":false,"pivot":{"x":10.92066478729248,"y":11.528105735778809,"z":-9.120809555053711},"rotation":{"x":-0.1533767282962799,"y":0.21224269270896913,"z":-0.03435731679201126,"w":-0.9646298885345459},"size":8.143993377685547,"orthographic":false}